{
  "lang":"en",
  "name":"pipeline",
  "version":"0.0.0",
  "spacy_version":">=3.7.2,<3.8.0",
  "description":"",
  "author":"",
  "email":"",
  "url":"",
  "license":"",
  "spacy_git_version":"a89eae928",
  "vectors":{
    "width":0,
    "vectors":0,
    "keys":0,
    "name":null,
    "mode":"default"
  },
  "labels":{
    "tok2vec":[

    ],
    "ner":[
      "ARRIVAL",
      "CITY",
      "DAY",
      "JUNCTION",
      "PLATFORM",
      "TRAIN",
      "TRAN0"
    ]
  },
  "pipeline":[
    "tok2vec",
    "ner"
  ],
  "components":[
    "tok2vec",
    "ner"
  ],
  "disabled":[

  ],
  "performance":{
    "ents_f":0.9219396807,
    "ents_p":0.9279761905,
    "ents_r":0.9159811986,
    "ents_per_type":{
      "JUNCTION":{
        "p":0.9928229665,
        "r":0.9606481481,
        "f":0.9764705882
      },
      "CITY":{
        "p":1.0,
        "r":1.0,
        "f":1.0
      },
      "TRAIN":{
        "p":0.9700214133,
        "r":0.9741935484,
        "f":0.9721030043
      },
      "ARRIVAL":{
        "p":0.8997289973,
        "r":0.8645833333,
        "f":0.8818061089
      },
      "DAY":{
        "p":1.0,
        "r":1.0,
        "f":1.0
      },
      "PLATFORM":{
        "p":0.8555555556,
        "r":0.8415300546,
        "f":0.8484848485
      },
      "TRAN0":{
        "p":0.5161290323,
        "r":0.8,
        "f":0.6274509804
      }
    },
    "tok2vec_loss":425.007726427,
    "ner_loss":3914.9028030063
  }
}