{
  "lang":"en",
  "name":"pipeline",
  "version":"0.0.0",
  "spacy_version":">=3.7.2,<3.8.0",
  "description":"",
  "author":"",
  "email":"",
  "url":"",
  "license":"",
  "spacy_git_version":"a89eae928",
  "vectors":{
    "width":0,
    "vectors":0,
    "keys":0,
    "name":null,
    "mode":"default"
  },
  "labels":{
    "tok2vec":[

    ],
    "ner":[
      "ARRIVAL",
      "CITY",
      "DAY",
      "JUNCTION",
      "PLATFORM",
      "TRAIN",
      "TRAN0"
    ]
  },
  "pipeline":[
    "tok2vec",
    "ner"
  ],
  "components":[
    "tok2vec",
    "ner"
  ],
  "disabled":[

  ],
  "performance":{
    "ents_f":0.9217596693,
    "ents_p":0.9264094955,
    "ents_r":0.9171562867,
    "ents_per_type":{
      "JUNCTION":{
        "p":0.9813084112,
        "r":0.9722222222,
        "f":0.976744186
      },
      "CITY":{
        "p":1.0,
        "r":1.0,
        "f":1.0
      },
      "TRAIN":{
        "p":0.9803063457,
        "r":0.9634408602,
        "f":0.9718004338
      },
      "ARRIVAL":{
        "p":0.8930481283,
        "r":0.8697916667,
        "f":0.8812664908
      },
      "DAY":{
        "p":1.0,
        "r":1.0,
        "f":1.0
      },
      "PLATFORM":{
        "p":0.8555555556,
        "r":0.8415300546,
        "f":0.8484848485
      },
      "TRAN0":{
        "p":0.5161290323,
        "r":0.8,
        "f":0.6274509804
      }
    },
    "tok2vec_loss":457.0430825364,
    "ner_loss":3909.0028882949
  }
}